/*Create 2023-EN and 2023 PF*/

/*
ROLLBACK ALL
BEGIN
    DELETE
    FROM
        OPTIONAL_PROGRAM_REQUIREMENT
    WHERE
        OPTIONAL_PROGRAM_REQUIREMENT.OPTIONAL_PROGRAM_ID IN (
        SELECT
            OPTIONAL_PROGRAM.OPTIONAL_PROGRAM_ID
        FROM
            OPTIONAL_PROGRAM
        WHERE
            OPTIONAL_PROGRAM.GRADUATION_PROGRAM_CODE LIKE '%2023%');
    DELETE FROM PROGRAM_REQUIREMENT WHERE GRADUATION_PROGRAM_CODE LIKE '%2023%';
    DELETE FROM OPTIONAL_PROGRAM WHERE GRADUATION_PROGRAM_CODE LIKE '%2023%';
    DELETE FROM GRADUATION_PROGRAM_CODE WHERE GRADUATION_PROGRAM_CODE LIKE '%2023%';
END;
*/

DECLARE
en_fi_id RAW(16);
    en_ad_id RAW(16);
    en_bd_id RAW(16);
    en_cp_id RAW(16);
    en_bc_id RAW(16);
    pf_dd_id RAW(16);
    pf_ad_id RAW(16);
    pf_cp_id RAW(16);
    pf_bc_id RAW(16);
    pf_bd_id RAW(16);
BEGIN
    en_fi_id := SYS_GUID();
    en_ad_id := SYS_GUID();
    en_bd_id := SYS_GUID();
    en_cp_id := SYS_GUID();
    en_bc_id := SYS_GUID();
    pf_dd_id := SYS_GUID();
    pf_ad_id := SYS_GUID();
    pf_cp_id := SYS_GUID();
    pf_bc_id := SYS_GUID();
    pf_bd_id := SYS_GUID();

    /*Add programs*/
    /*To rollback - DELETE FROM GRADUATION_PROGRAM_CODE WHERE GRADUATION_PROGRAM_CODE LIKE '%2023%'; */
    /*2023-EN*/
INSERT INTO GRADUATION_PROGRAM_CODE (
    GRADUATION_PROGRAM_CODE,
    LABEL,
    DESCRIPTION,
    DISPLAY_ORDER,
    EFFECTIVE_DATE,
    EXPIRY_DATE,
    ASSOCIATED_CREDENTIAL
)
VALUES (
           '2023-EN',
           'Graduation Program 2023',
           'The 2023 B.C. Certificate of Graduation or “Dogwood Diploma” program.',
           120,
           TIMESTAMP'2023-07-01 00:00:00.0',
           NULL,
           'British Columbia Certificate of Graduation'
       );

/*2023-PF*/
INSERT INTO GRADUATION_PROGRAM_CODE (
    GRADUATION_PROGRAM_CODE,
    LABEL,
    DESCRIPTION,
    DISPLAY_ORDER,
    EFFECTIVE_DATE,
    EXPIRY_DATE,
    ASSOCIATED_CREDENTIAL
)
VALUES (
           '2023-PF',
           'Graduation Program 2023',
           'The 2023 Diplôme de fin d''études secondaires en Colombie-Britannique program.',
           120,
           TIMESTAMP'2023-07-01 00:00:00.0',
           NULL,
           'British Columbia Certificate of Graduation'
       );

/*Program Requirements*/
/*To rollback - DELETE FROM PROGRAM_REQUIREMENT WHERE GRADUATION_PROGRAM_CODE LIKE '%2023%'*/

/*2023-EN*/
INSERT INTO API_GRAD_PROGRAM.PROGRAM_REQUIREMENT
(PROGRAM_REQUIREMENT_ID, GRADUATION_PROGRAM_CODE, PROGRAM_REQUIREMENT_CODE, CREATE_USER, CREATE_DATE, UPDATE_USER, UPDATE_DATE)
VALUES(SYS_GUID(), '2023-EN', '100', 'API_GRAD_PROGRAM', TIMESTAMP '2021-11-01 09:19:17.000000', 'API_GRAD_PROGRAM', TIMESTAMP '2021-11-01 09:19:17.000000');

INSERT INTO API_GRAD_PROGRAM.PROGRAM_REQUIREMENT
(PROGRAM_REQUIREMENT_ID, GRADUATION_PROGRAM_CODE, PROGRAM_REQUIREMENT_CODE, CREATE_USER, CREATE_DATE, UPDATE_USER, UPDATE_DATE)
VALUES(SYS_GUID(), '2023-EN', '101', 'API_GRAD_PROGRAM', TIMESTAMP '2021-11-01 09:19:17.000000', 'API_GRAD_PROGRAM', TIMESTAMP '2021-11-01 09:19:17.000000');

INSERT INTO API_GRAD_PROGRAM.PROGRAM_REQUIREMENT
(PROGRAM_REQUIREMENT_ID, GRADUATION_PROGRAM_CODE, PROGRAM_REQUIREMENT_CODE, CREATE_USER, CREATE_DATE, UPDATE_USER, UPDATE_DATE)
VALUES(SYS_GUID(), '2023-EN', '102', 'API_GRAD_PROGRAM', TIMESTAMP '2021-11-01 09:19:17.000000', 'API_GRAD_PROGRAM', TIMESTAMP '2021-11-01 09:19:17.000000');

INSERT INTO API_GRAD_PROGRAM.PROGRAM_REQUIREMENT
(PROGRAM_REQUIREMENT_ID, GRADUATION_PROGRAM_CODE, PROGRAM_REQUIREMENT_CODE, CREATE_USER, CREATE_DATE, UPDATE_USER, UPDATE_DATE)
VALUES(SYS_GUID(), '2023-EN', '103', 'API_GRAD_PROGRAM', TIMESTAMP '2021-11-01 09:19:17.000000', 'API_GRAD_PROGRAM', TIMESTAMP '2021-11-01 09:19:17.000000');

INSERT INTO API_GRAD_PROGRAM.PROGRAM_REQUIREMENT
(PROGRAM_REQUIREMENT_ID, GRADUATION_PROGRAM_CODE, PROGRAM_REQUIREMENT_CODE, CREATE_USER, CREATE_DATE, UPDATE_USER, UPDATE_DATE)
VALUES(SYS_GUID(), '2023-EN', '104', 'API_GRAD_PROGRAM', TIMESTAMP '2021-11-01 09:19:17.000000', 'API_GRAD_PROGRAM', TIMESTAMP '2021-11-01 09:19:17.000000');

INSERT INTO API_GRAD_PROGRAM.PROGRAM_REQUIREMENT
(PROGRAM_REQUIREMENT_ID, GRADUATION_PROGRAM_CODE, PROGRAM_REQUIREMENT_CODE, CREATE_USER, CREATE_DATE, UPDATE_USER, UPDATE_DATE)
VALUES(SYS_GUID(), '2023-EN', '105', 'API_GRAD_PROGRAM', TIMESTAMP '2021-11-01 09:19:17.000000', 'API_GRAD_PROGRAM', TIMESTAMP '2021-11-01 09:19:17.000000');

INSERT INTO API_GRAD_PROGRAM.PROGRAM_REQUIREMENT
(PROGRAM_REQUIREMENT_ID, GRADUATION_PROGRAM_CODE, PROGRAM_REQUIREMENT_CODE, CREATE_USER, CREATE_DATE, UPDATE_USER, UPDATE_DATE)
VALUES(SYS_GUID(), '2023-EN', '106', 'API_GRAD_PROGRAM', TIMESTAMP '2021-11-01 09:19:17.000000', 'API_GRAD_PROGRAM', TIMESTAMP '2021-11-01 09:19:17.000000');

INSERT INTO API_GRAD_PROGRAM.PROGRAM_REQUIREMENT
(PROGRAM_REQUIREMENT_ID, GRADUATION_PROGRAM_CODE, PROGRAM_REQUIREMENT_CODE, CREATE_USER, CREATE_DATE, UPDATE_USER, UPDATE_DATE)
VALUES(SYS_GUID(), '2023-EN', '107', 'API_GRAD_PROGRAM', TIMESTAMP '2021-11-01 09:19:17.000000', 'API_GRAD_PROGRAM', TIMESTAMP '2021-11-01 09:19:17.000000');

INSERT INTO API_GRAD_PROGRAM.PROGRAM_REQUIREMENT
(PROGRAM_REQUIREMENT_ID, GRADUATION_PROGRAM_CODE, PROGRAM_REQUIREMENT_CODE, CREATE_USER, CREATE_DATE, UPDATE_USER, UPDATE_DATE)
VALUES(SYS_GUID(), '2023-EN', '108', 'API_GRAD_PROGRAM', TIMESTAMP '2021-11-01 09:19:17.000000', 'API_GRAD_PROGRAM', TIMESTAMP '2021-11-01 09:19:17.000000');

INSERT INTO API_GRAD_PROGRAM.PROGRAM_REQUIREMENT
(PROGRAM_REQUIREMENT_ID, GRADUATION_PROGRAM_CODE, PROGRAM_REQUIREMENT_CODE, CREATE_USER, CREATE_DATE, UPDATE_USER, UPDATE_DATE)
VALUES(SYS_GUID(), '2023-EN', '109', 'API_GRAD_PROGRAM', TIMESTAMP '2021-11-01 09:19:17.000000', 'API_GRAD_PROGRAM', TIMESTAMP '2021-11-01 09:19:17.000000');

INSERT INTO API_GRAD_PROGRAM.PROGRAM_REQUIREMENT
(PROGRAM_REQUIREMENT_ID, GRADUATION_PROGRAM_CODE, PROGRAM_REQUIREMENT_CODE, CREATE_USER, CREATE_DATE, UPDATE_USER, UPDATE_DATE)
VALUES(SYS_GUID(), '2023-EN', '110', 'API_GRAD_PROGRAM', TIMESTAMP '2021-11-01 09:19:17.000000', 'API_GRAD_PROGRAM', TIMESTAMP '2021-11-01 09:19:17.000000');

INSERT INTO API_GRAD_PROGRAM.PROGRAM_REQUIREMENT
(PROGRAM_REQUIREMENT_ID, GRADUATION_PROGRAM_CODE, PROGRAM_REQUIREMENT_CODE, CREATE_USER, CREATE_DATE, UPDATE_USER, UPDATE_DATE)
VALUES(SYS_GUID(), '2023-EN', '111', 'API_GRAD_PROGRAM', TIMESTAMP '2021-11-01 09:19:17.000000', 'API_GRAD_PROGRAM', TIMESTAMP '2021-11-01 09:19:17.000000');

INSERT INTO API_GRAD_PROGRAM.PROGRAM_REQUIREMENT
(PROGRAM_REQUIREMENT_ID, GRADUATION_PROGRAM_CODE, PROGRAM_REQUIREMENT_CODE, CREATE_USER, CREATE_DATE, UPDATE_USER, UPDATE_DATE)
VALUES(SYS_GUID(), '2023-EN', '112', 'API_GRAD_PROGRAM', TIMESTAMP '2021-11-01 09:19:17.000000', 'API_GRAD_PROGRAM', TIMESTAMP '2021-11-01 09:19:17.000000');

INSERT INTO API_GRAD_PROGRAM.PROGRAM_REQUIREMENT
(PROGRAM_REQUIREMENT_ID, GRADUATION_PROGRAM_CODE, PROGRAM_REQUIREMENT_CODE, CREATE_USER, CREATE_DATE, UPDATE_USER, UPDATE_DATE)
VALUES(SYS_GUID(), '2023-EN', '113', 'API_GRAD_PROGRAM', TIMESTAMP '2021-11-01 09:19:17.000000', 'API_GRAD_PROGRAM', TIMESTAMP '2021-11-01 09:19:17.000000');

INSERT INTO API_GRAD_PROGRAM.PROGRAM_REQUIREMENT
(PROGRAM_REQUIREMENT_ID, GRADUATION_PROGRAM_CODE, PROGRAM_REQUIREMENT_CODE, CREATE_USER, CREATE_DATE, UPDATE_USER, UPDATE_DATE)
VALUES(SYS_GUID(), '2023-EN', '115', 'API_GRAD_PROGRAM', TIMESTAMP '2021-11-01 09:19:17.000000', 'API_GRAD_PROGRAM', TIMESTAMP '2021-11-01 09:19:17.000000');

INSERT INTO API_GRAD_PROGRAM.PROGRAM_REQUIREMENT
(PROGRAM_REQUIREMENT_ID, GRADUATION_PROGRAM_CODE, PROGRAM_REQUIREMENT_CODE, CREATE_USER, CREATE_DATE, UPDATE_USER, UPDATE_DATE)
VALUES(SYS_GUID(), '2023-EN', '116', 'API_GRAD_PROGRAM', TIMESTAMP '2021-11-01 09:19:17.000000', 'API_GRAD_PROGRAM', TIMESTAMP '2021-11-01 09:19:17.000000');

INSERT INTO API_GRAD_PROGRAM.PROGRAM_REQUIREMENT
(PROGRAM_REQUIREMENT_ID, GRADUATION_PROGRAM_CODE, PROGRAM_REQUIREMENT_CODE, CREATE_USER, CREATE_DATE, UPDATE_USER, UPDATE_DATE)
VALUES(SYS_GUID(), '2023-EN', '117', 'API_GRAD_PROGRAM', TIMESTAMP '2021-11-01 09:19:17.000000', 'API_GRAD_PROGRAM', TIMESTAMP '2021-11-01 09:19:17.000000');

INSERT INTO API_GRAD_PROGRAM.PROGRAM_REQUIREMENT
(PROGRAM_REQUIREMENT_ID, GRADUATION_PROGRAM_CODE, PROGRAM_REQUIREMENT_CODE, CREATE_USER, CREATE_DATE, UPDATE_USER, UPDATE_DATE)
VALUES(SYS_GUID(), '2023-EN', '118', 'API_GRAD_PROGRAM', TIMESTAMP '2021-11-01 09:19:17.000000', 'API_GRAD_PROGRAM', TIMESTAMP '2021-11-01 09:19:17.000000');


/*2023-PF*/
INSERT INTO API_GRAD_PROGRAM.PROGRAM_REQUIREMENT
(PROGRAM_REQUIREMENT_ID, GRADUATION_PROGRAM_CODE, PROGRAM_REQUIREMENT_CODE, CREATE_USER, CREATE_DATE, UPDATE_USER, UPDATE_DATE)
VALUES(SYS_GUID(), '2023-PF', '100', 'API_GRAD_PROGRAM', TIMESTAMP '2021-11-01 09:19:17.000000', 'API_GRAD_PROGRAM', TIMESTAMP '2021-11-01 09:19:17.000000');

INSERT INTO API_GRAD_PROGRAM.PROGRAM_REQUIREMENT
(PROGRAM_REQUIREMENT_ID, GRADUATION_PROGRAM_CODE, PROGRAM_REQUIREMENT_CODE, CREATE_USER, CREATE_DATE, UPDATE_USER, UPDATE_DATE)
VALUES(SYS_GUID(), '2023-PF', '104', 'API_GRAD_PROGRAM', TIMESTAMP '2021-11-01 09:19:17.000000', 'API_GRAD_PROGRAM', TIMESTAMP '2021-11-01 09:19:17.000000');

INSERT INTO API_GRAD_PROGRAM.PROGRAM_REQUIREMENT
(PROGRAM_REQUIREMENT_ID, GRADUATION_PROGRAM_CODE, PROGRAM_REQUIREMENT_CODE, CREATE_USER, CREATE_DATE, UPDATE_USER, UPDATE_DATE)
VALUES(SYS_GUID(), '2023-PF', '105', 'API_GRAD_PROGRAM', TIMESTAMP '2021-11-01 09:19:17.000000', 'API_GRAD_PROGRAM', TIMESTAMP '2021-11-01 09:19:17.000000');

INSERT INTO API_GRAD_PROGRAM.PROGRAM_REQUIREMENT
(PROGRAM_REQUIREMENT_ID, GRADUATION_PROGRAM_CODE, PROGRAM_REQUIREMENT_CODE, CREATE_USER, CREATE_DATE, UPDATE_USER, UPDATE_DATE)
VALUES(SYS_GUID(), '2023-PF', '106', 'API_GRAD_PROGRAM', TIMESTAMP '2021-11-01 09:19:17.000000', 'API_GRAD_PROGRAM', TIMESTAMP '2021-11-01 09:19:17.000000');

INSERT INTO API_GRAD_PROGRAM.PROGRAM_REQUIREMENT
(PROGRAM_REQUIREMENT_ID, GRADUATION_PROGRAM_CODE, PROGRAM_REQUIREMENT_CODE, CREATE_USER, CREATE_DATE, UPDATE_USER, UPDATE_DATE)
VALUES(SYS_GUID(), '2023-PF', '107', 'API_GRAD_PROGRAM', TIMESTAMP '2021-11-01 09:19:17.000000', 'API_GRAD_PROGRAM', TIMESTAMP '2021-11-01 09:19:17.000000');

INSERT INTO API_GRAD_PROGRAM.PROGRAM_REQUIREMENT
(PROGRAM_REQUIREMENT_ID, GRADUATION_PROGRAM_CODE, PROGRAM_REQUIREMENT_CODE, CREATE_USER, CREATE_DATE, UPDATE_USER, UPDATE_DATE)
VALUES(SYS_GUID(), '2023-PF', '108', 'API_GRAD_PROGRAM', TIMESTAMP '2021-11-01 09:19:17.000000', 'API_GRAD_PROGRAM', TIMESTAMP '2021-11-01 09:19:17.000000');

INSERT INTO API_GRAD_PROGRAM.PROGRAM_REQUIREMENT
(PROGRAM_REQUIREMENT_ID, GRADUATION_PROGRAM_CODE, PROGRAM_REQUIREMENT_CODE, CREATE_USER, CREATE_DATE, UPDATE_USER, UPDATE_DATE)
VALUES(SYS_GUID(), '2023-PF', '109', 'API_GRAD_PROGRAM', TIMESTAMP '2021-11-01 09:19:17.000000', 'API_GRAD_PROGRAM', TIMESTAMP '2021-11-01 09:19:17.000000');

INSERT INTO API_GRAD_PROGRAM.PROGRAM_REQUIREMENT
(PROGRAM_REQUIREMENT_ID, GRADUATION_PROGRAM_CODE, PROGRAM_REQUIREMENT_CODE, CREATE_USER, CREATE_DATE, UPDATE_USER, UPDATE_DATE)
VALUES(SYS_GUID(), '2023-PF', '110', 'API_GRAD_PROGRAM', TIMESTAMP '2021-11-01 09:19:17.000000', 'API_GRAD_PROGRAM', TIMESTAMP '2021-11-01 09:19:17.000000');

INSERT INTO API_GRAD_PROGRAM.PROGRAM_REQUIREMENT
(PROGRAM_REQUIREMENT_ID, GRADUATION_PROGRAM_CODE, PROGRAM_REQUIREMENT_CODE, CREATE_USER, CREATE_DATE, UPDATE_USER, UPDATE_DATE)
VALUES(SYS_GUID(), '2023-PF', '111', 'API_GRAD_PROGRAM', TIMESTAMP '2021-11-01 09:19:17.000000', 'API_GRAD_PROGRAM', TIMESTAMP '2021-11-01 09:19:17.000000');

INSERT INTO API_GRAD_PROGRAM.PROGRAM_REQUIREMENT
(PROGRAM_REQUIREMENT_ID, GRADUATION_PROGRAM_CODE, PROGRAM_REQUIREMENT_CODE, CREATE_USER, CREATE_DATE, UPDATE_USER, UPDATE_DATE)
VALUES(SYS_GUID(), '2023-PF', '112', 'API_GRAD_PROGRAM', TIMESTAMP '2021-11-01 09:19:17.000000', 'API_GRAD_PROGRAM', TIMESTAMP '2021-11-01 09:19:17.000000');

INSERT INTO API_GRAD_PROGRAM.PROGRAM_REQUIREMENT
(PROGRAM_REQUIREMENT_ID, GRADUATION_PROGRAM_CODE, PROGRAM_REQUIREMENT_CODE, CREATE_USER, CREATE_DATE, UPDATE_USER, UPDATE_DATE)
VALUES(SYS_GUID(), '2023-PF', '113', 'API_GRAD_PROGRAM', TIMESTAMP '2021-11-01 09:19:17.000000', 'API_GRAD_PROGRAM', TIMESTAMP '2021-11-01 09:19:17.000000');

INSERT INTO API_GRAD_PROGRAM.PROGRAM_REQUIREMENT
(PROGRAM_REQUIREMENT_ID, GRADUATION_PROGRAM_CODE, PROGRAM_REQUIREMENT_CODE, CREATE_USER, CREATE_DATE, UPDATE_USER, UPDATE_DATE)
VALUES(SYS_GUID(), '2023-PF', '116', 'API_GRAD_PROGRAM', TIMESTAMP '2021-11-01 09:19:17.000000', 'API_GRAD_PROGRAM', TIMESTAMP '2021-11-01 09:19:17.000000');

INSERT INTO API_GRAD_PROGRAM.PROGRAM_REQUIREMENT
(PROGRAM_REQUIREMENT_ID, GRADUATION_PROGRAM_CODE, PROGRAM_REQUIREMENT_CODE, CREATE_USER, CREATE_DATE, UPDATE_USER, UPDATE_DATE)
VALUES(SYS_GUID(), '2023-PF', '117', 'API_GRAD_PROGRAM', TIMESTAMP '2021-11-01 09:19:17.000000', 'API_GRAD_PROGRAM', TIMESTAMP '2021-11-01 09:19:17.000000');

INSERT INTO API_GRAD_PROGRAM.PROGRAM_REQUIREMENT
(PROGRAM_REQUIREMENT_ID, GRADUATION_PROGRAM_CODE, PROGRAM_REQUIREMENT_CODE, CREATE_USER, CREATE_DATE, UPDATE_USER, UPDATE_DATE)
VALUES(SYS_GUID(), '2023-PF', '300', 'API_GRAD_PROGRAM', TIMESTAMP '2021-11-01 09:19:17.000000', 'API_GRAD_PROGRAM', TIMESTAMP '2021-11-01 09:19:17.000000');

INSERT INTO API_GRAD_PROGRAM.PROGRAM_REQUIREMENT
(PROGRAM_REQUIREMENT_ID, GRADUATION_PROGRAM_CODE, PROGRAM_REQUIREMENT_CODE, CREATE_USER, CREATE_DATE, UPDATE_USER, UPDATE_DATE)
VALUES(SYS_GUID(), '2023-PF', '301', 'API_GRAD_PROGRAM', TIMESTAMP '2021-11-01 09:19:17.000000', 'API_GRAD_PROGRAM', TIMESTAMP '2021-11-01 09:19:17.000000');

INSERT INTO API_GRAD_PROGRAM.PROGRAM_REQUIREMENT
(PROGRAM_REQUIREMENT_ID, GRADUATION_PROGRAM_CODE, PROGRAM_REQUIREMENT_CODE, CREATE_USER, CREATE_DATE, UPDATE_USER, UPDATE_DATE)
VALUES(SYS_GUID(), '2023-PF', '302', 'API_GRAD_PROGRAM', TIMESTAMP '2021-11-01 09:19:17.000000', 'API_GRAD_PROGRAM', TIMESTAMP '2021-11-01 09:19:17.000000');

INSERT INTO API_GRAD_PROGRAM.PROGRAM_REQUIREMENT
(PROGRAM_REQUIREMENT_ID, GRADUATION_PROGRAM_CODE, PROGRAM_REQUIREMENT_CODE, CREATE_USER, CREATE_DATE, UPDATE_USER, UPDATE_DATE)
VALUES(SYS_GUID(), '2023-PF', '303', 'API_GRAD_PROGRAM', TIMESTAMP '2021-11-01 09:19:17.000000', 'API_GRAD_PROGRAM', TIMESTAMP '2021-11-01 09:19:17.000000');

INSERT INTO API_GRAD_PROGRAM.PROGRAM_REQUIREMENT
(PROGRAM_REQUIREMENT_ID, GRADUATION_PROGRAM_CODE, PROGRAM_REQUIREMENT_CODE, CREATE_USER, CREATE_DATE, UPDATE_USER, UPDATE_DATE)
VALUES(SYS_GUID(), '2023-PF', '304', 'API_GRAD_PROGRAM', TIMESTAMP '2021-11-01 09:19:17.000000', 'API_GRAD_PROGRAM', TIMESTAMP '2021-11-01 09:19:17.000000');

/*Add as optional programs*/
/*To rollback - DELETE FROM OPTIONAL_PROGRAM WHERE GRADUATION_PROGRAM_CODE LIKE '%2023%'*/
INSERT INTO API_GRAD_PROGRAM.OPTIONAL_PROGRAM
(OPTIONAL_PROGRAM_ID, OPTIONAL_PROGRAM_CODE, GRADUATION_PROGRAM_CODE, LABEL, DESCRIPTION, EFFECTIVE_DATE, EXPIRY_DATE, DISPLAY_ORDER, CREATE_USER, CREATE_DATE, UPDATE_USER, UPDATE_DATE)
VALUES(en_cp_id, 'CP', '2023-EN', 'Career Program', 'Students on the current B.C. Graduation program who are also reported as participating in a Career program.', TIMESTAMP '2022-07-01 00:00:00.000000', NULL, 100, 'API_GRAD_PROGRAM', TIMESTAMP '2021-11-01 09:19:16.000000', 'API_GRAD_PROGRAM', TIMESTAMP '2021-11-01 09:19:16.000000');

INSERT INTO API_GRAD_PROGRAM.OPTIONAL_PROGRAM
(OPTIONAL_PROGRAM_ID, OPTIONAL_PROGRAM_CODE, GRADUATION_PROGRAM_CODE, LABEL, DESCRIPTION, EFFECTIVE_DATE, EXPIRY_DATE, DISPLAY_ORDER, CREATE_USER, CREATE_DATE, UPDATE_USER, UPDATE_DATE)
VALUES(en_bc_id, 'BC', '2023-EN', 'International Baccalaureate as a Certificate candidate', 'Students on the current B.C. Graduation program who are also reported as participating in the International Baccalaureate program as a Certificate candidate.', TIMESTAMP '2022-07-01 00:00:00.000000', NULL, 80, 'API_GRAD_PROGRAM', TIMESTAMP '2021-11-01 09:19:16.000000', 'API_GRAD_PROGRAM', TIMESTAMP '2021-11-01 09:19:16.000000');

INSERT INTO API_GRAD_PROGRAM.OPTIONAL_PROGRAM
(OPTIONAL_PROGRAM_ID, OPTIONAL_PROGRAM_CODE, GRADUATION_PROGRAM_CODE, LABEL, DESCRIPTION, EFFECTIVE_DATE, EXPIRY_DATE, DISPLAY_ORDER, CREATE_USER, CREATE_DATE, UPDATE_USER, UPDATE_DATE)
VALUES(en_bd_id, 'BD', '2023-EN', 'International Baccalaureate as a Diploma candidate', 'Students on the current B.C. Graduation program who are also reported as participating in the International Baccalaureate program as a Diploma candidate.', TIMESTAMP '2022-07-01 00:00:00.000000', NULL, 90, 'API_GRAD_PROGRAM', TIMESTAMP '2021-11-01 09:19:16.000000', 'API_GRAD_PROGRAM', TIMESTAMP '2021-11-01 09:19:16.000000');

INSERT INTO API_GRAD_PROGRAM.OPTIONAL_PROGRAM
(OPTIONAL_PROGRAM_ID, OPTIONAL_PROGRAM_CODE, GRADUATION_PROGRAM_CODE, LABEL, DESCRIPTION, EFFECTIVE_DATE, EXPIRY_DATE, DISPLAY_ORDER, CREATE_USER, CREATE_DATE, UPDATE_USER, UPDATE_DATE)
VALUES(en_ad_id, 'AD', '2023-EN', 'Advanced Placement', 'Students on the current B.C. Graduation program who are also reported as participating in the Advanced Placement program. ', TIMESTAMP '2022-07-01 00:00:00.000000', NULL, 70, 'API_GRAD_PROGRAM', TIMESTAMP '2021-11-01 09:19:16.000000', 'API_GRAD_PROGRAM', TIMESTAMP '2021-11-01 09:19:16.000000');

INSERT INTO API_GRAD_PROGRAM.OPTIONAL_PROGRAM
(OPTIONAL_PROGRAM_ID, OPTIONAL_PROGRAM_CODE, GRADUATION_PROGRAM_CODE, LABEL, DESCRIPTION, EFFECTIVE_DATE, EXPIRY_DATE, DISPLAY_ORDER, CREATE_USER, CREATE_DATE, UPDATE_USER, UPDATE_DATE)
VALUES(en_fi_id, 'FI', '2023-EN', 'French Immersion', 'French Immersion students on the current B.C. Graduation program who are also working towards a Diplôme de fin d’études secondaires en Colombie-Britannique.', TIMESTAMP '2022-07-01 00:00:00.000000', NULL, 60, 'API_GRAD_PROGRAM', TIMESTAMP '2021-11-01 09:19:16.000000', 'API_GRAD_PROGRAM', TIMESTAMP '2021-11-01 09:19:16.000000');

/*2023-PF*/
INSERT INTO API_GRAD_PROGRAM.OPTIONAL_PROGRAM
(OPTIONAL_PROGRAM_ID, OPTIONAL_PROGRAM_CODE, GRADUATION_PROGRAM_CODE, LABEL, DESCRIPTION, EFFECTIVE_DATE, EXPIRY_DATE, DISPLAY_ORDER, CREATE_USER, CREATE_DATE, UPDATE_USER, UPDATE_DATE)
VALUES(pf_dd_id, 'DD', '2023-PF', 'Dual Dogwood', 'Students enrolled in Programme francophone on the current Diplôme de fin d''études secondaires en Colombie-Britannique program, who are also working towards the B.C. Certificate of Graduation (Dual Dogwood).', TIMESTAMP '2022-07-01 00:00:00.000000', NULL, 10, 'API_GRAD_PROGRAM', TIMESTAMP '2021-11-01 09:19:16.000000', 'API_GRAD_PROGRAM', TIMESTAMP '2021-11-01 09:19:16.000000');

INSERT INTO API_GRAD_PROGRAM.OPTIONAL_PROGRAM
(OPTIONAL_PROGRAM_ID, OPTIONAL_PROGRAM_CODE, GRADUATION_PROGRAM_CODE, LABEL, DESCRIPTION, EFFECTIVE_DATE, EXPIRY_DATE, DISPLAY_ORDER, CREATE_USER, CREATE_DATE, UPDATE_USER, UPDATE_DATE)
VALUES(pf_ad_id, 'AD', '2023-PF', 'Advanced Placement', 'Students enrolled in Programme francophone on the current Diplôme de fin d''études secondaires en Colombie-Britannique program who are also reported as participating in the Advanced Placement program.', TIMESTAMP '2022-07-01 00:00:00.000000', NULL, 50, 'API_GRAD_PROGRAM', TIMESTAMP '2021-11-01 09:19:16.000000', 'API_GRAD_PROGRAM', TIMESTAMP '2021-11-01 09:19:16.000000');

INSERT INTO API_GRAD_PROGRAM.OPTIONAL_PROGRAM
(OPTIONAL_PROGRAM_ID, OPTIONAL_PROGRAM_CODE, GRADUATION_PROGRAM_CODE, LABEL, DESCRIPTION, EFFECTIVE_DATE, EXPIRY_DATE, DISPLAY_ORDER, CREATE_USER, CREATE_DATE, UPDATE_USER, UPDATE_DATE)
VALUES(pf_cp_id, 'CP', '2023-PF', 'Career Program', 'Students enrolled in Programme francophone on the current Diplôme de fin d''études secondaires en Colombie-Britannique program who are also reported as participating in a Career program.', TIMESTAMP '2022-07-01 00:00:00.000000', NULL, 40, 'API_GRAD_PROGRAM', TIMESTAMP '2021-11-01 09:19:16.000000', 'API_GRAD_PROGRAM', TIMESTAMP '2021-11-01 09:19:16.000000');

INSERT INTO API_GRAD_PROGRAM.OPTIONAL_PROGRAM
(OPTIONAL_PROGRAM_ID, OPTIONAL_PROGRAM_CODE, GRADUATION_PROGRAM_CODE, LABEL, DESCRIPTION, EFFECTIVE_DATE, EXPIRY_DATE, DISPLAY_ORDER, CREATE_USER, CREATE_DATE, UPDATE_USER, UPDATE_DATE)
VALUES(pf_bc_id, 'BC', '2023-PF', 'International Baccalaureate as a Certificate candidate', 'Students enrolled in Programme francophone on the current Diplôme de fin d''études secondaires en Colombie-Britannique program who are also reported as participating in the International Baccalaureate program as a Certificate candidate', TIMESTAMP '2022-07-01 00:00:00.000000', NULL, 20, 'API_GRAD_PROGRAM', TIMESTAMP '2021-11-01 09:19:16.000000', 'API_GRAD_PROGRAM', TIMESTAMP '2021-11-01 09:19:16.000000');

INSERT INTO API_GRAD_PROGRAM.OPTIONAL_PROGRAM
(OPTIONAL_PROGRAM_ID, OPTIONAL_PROGRAM_CODE, GRADUATION_PROGRAM_CODE, LABEL, DESCRIPTION, EFFECTIVE_DATE, EXPIRY_DATE, DISPLAY_ORDER, CREATE_USER, CREATE_DATE, UPDATE_USER, UPDATE_DATE)
VALUES(pf_bd_id, 'BD', '2023-PF', 'International Baccalaureate as a Diploma candidate', 'Students enrolled in Programme francophone on the current Diplôme de fin d''études secondaires en Colombie-Britannique program who are also reported as participating in the International Baccalaureate program as a Diploma candidate.', TIMESTAMP '2022-07-01 00:00:00.000000', NULL, 30, 'API_GRAD_PROGRAM', TIMESTAMP '2021-11-01 09:19:16.000000', 'API_GRAD_PROGRAM', TIMESTAMP '2021-11-01 09:19:16.000000');

/*Add as optional program requirements*/
/*To rollback - DELETE FROM OPTIONAL_PROGRAM WHERE GRADUATION_PROGRAM_CODE LIKE '%2023%'*/
/*2023-EN FI*/
INSERT INTO API_GRAD_PROGRAM.OPTIONAL_PROGRAM_REQUIREMENT
(OPTIONAL_PROGRAM_RQMT_ID, OPTIONAL_PROGRAM_ID, OPTIONAL_PROGRAM_RQMT_CODE, CREATE_USER, CREATE_DATE, UPDATE_USER, UPDATE_DATE)
VALUES(SYS_GUID(), en_fi_id, '200', 'API_GRAD_PROGRAM', TIMESTAMP '2021-11-01 09:19:17.000000', 'API_GRAD_PROGRAM', TIMESTAMP '2021-11-01 09:19:17.000000');

INSERT INTO API_GRAD_PROGRAM.OPTIONAL_PROGRAM_REQUIREMENT
(OPTIONAL_PROGRAM_RQMT_ID, OPTIONAL_PROGRAM_ID, OPTIONAL_PROGRAM_RQMT_CODE, CREATE_USER, CREATE_DATE, UPDATE_USER, UPDATE_DATE)
VALUES(SYS_GUID(), en_fi_id, '201', 'API_GRAD_PROGRAM', TIMESTAMP '2021-11-01 09:19:17.000000', 'API_GRAD_PROGRAM', TIMESTAMP '2021-11-01 09:19:17.000000');

INSERT INTO API_GRAD_PROGRAM.OPTIONAL_PROGRAM_REQUIREMENT
(OPTIONAL_PROGRAM_RQMT_ID, OPTIONAL_PROGRAM_ID, OPTIONAL_PROGRAM_RQMT_CODE, CREATE_USER, CREATE_DATE, UPDATE_USER, UPDATE_DATE)
VALUES(SYS_GUID(), en_fi_id, '202', 'API_GRAD_PROGRAM', TIMESTAMP '2021-11-01 09:19:17.000000', 'API_GRAD_PROGRAM', TIMESTAMP '2021-11-01 09:19:17.000000');

INSERT INTO API_GRAD_PROGRAM.OPTIONAL_PROGRAM_REQUIREMENT
(OPTIONAL_PROGRAM_RQMT_ID, OPTIONAL_PROGRAM_ID, OPTIONAL_PROGRAM_RQMT_CODE, CREATE_USER, CREATE_DATE, UPDATE_USER, UPDATE_DATE)
VALUES(SYS_GUID(), en_fi_id, '203', 'API_GRAD_PROGRAM', TIMESTAMP '2021-11-01 09:19:17.000000', 'API_GRAD_PROGRAM', TIMESTAMP '2021-11-01 09:19:17.000000');

INSERT INTO API_GRAD_PROGRAM.OPTIONAL_PROGRAM_REQUIREMENT
(OPTIONAL_PROGRAM_RQMT_ID, OPTIONAL_PROGRAM_ID, OPTIONAL_PROGRAM_RQMT_CODE, CREATE_USER, CREATE_DATE, UPDATE_USER, UPDATE_DATE)
VALUES(SYS_GUID(), en_fi_id, '204', 'API_GRAD_PROGRAM', TIMESTAMP '2021-11-01 09:19:17.000000', 'API_GRAD_PROGRAM', TIMESTAMP '2021-11-01 09:19:17.000000');

INSERT INTO API_GRAD_PROGRAM.OPTIONAL_PROGRAM_REQUIREMENT
(OPTIONAL_PROGRAM_RQMT_ID, OPTIONAL_PROGRAM_ID, OPTIONAL_PROGRAM_RQMT_CODE, CREATE_USER, CREATE_DATE, UPDATE_USER, UPDATE_DATE)
VALUES(SYS_GUID(), en_fi_id, '205', 'API_GRAD_PROGRAM', TIMESTAMP '2021-11-01 09:19:17.000000', 'API_GRAD_PROGRAM', TIMESTAMP '2021-11-01 09:19:17.000000');

INSERT INTO API_GRAD_PROGRAM.OPTIONAL_PROGRAM_REQUIREMENT
(OPTIONAL_PROGRAM_RQMT_ID, OPTIONAL_PROGRAM_ID, OPTIONAL_PROGRAM_RQMT_CODE, CREATE_USER, CREATE_DATE, UPDATE_USER, UPDATE_DATE)
VALUES(SYS_GUID(), en_fi_id, '957', 'API_GRAD_PROGRAM', TIMESTAMP '2022-03-10 14:14:56.000000', 'API_GRAD_PROGRAM', TIMESTAMP '2022-03-10 14:14:56.000000');

/*2023-EN AD*/
INSERT INTO API_GRAD_PROGRAM.OPTIONAL_PROGRAM_REQUIREMENT
(OPTIONAL_PROGRAM_RQMT_ID, OPTIONAL_PROGRAM_ID, OPTIONAL_PROGRAM_RQMT_CODE, CREATE_USER, CREATE_DATE, UPDATE_USER, UPDATE_DATE)
VALUES(SYS_GUID(), en_ad_id, '951', 'API_GRAD_PROGRAM', TIMESTAMP '2022-03-04 14:34:11.000000', 'API_GRAD_PROGRAM', TIMESTAMP '2022-03-04 14:34:11.000000');

INSERT INTO API_GRAD_PROGRAM.OPTIONAL_PROGRAM_REQUIREMENT
(OPTIONAL_PROGRAM_RQMT_ID, OPTIONAL_PROGRAM_ID, OPTIONAL_PROGRAM_RQMT_CODE, CREATE_USER, CREATE_DATE, UPDATE_USER, UPDATE_DATE)
VALUES(SYS_GUID(), en_ad_id, '957', 'API_GRAD_PROGRAM', TIMESTAMP '2022-03-10 14:14:56.000000', 'API_GRAD_PROGRAM', TIMESTAMP '2022-03-10 14:14:56.000000');

/*2023-EN BD*/
INSERT INTO API_GRAD_PROGRAM.OPTIONAL_PROGRAM_REQUIREMENT
(OPTIONAL_PROGRAM_RQMT_ID, OPTIONAL_PROGRAM_ID, OPTIONAL_PROGRAM_RQMT_CODE, CREATE_USER, CREATE_DATE, UPDATE_USER, UPDATE_DATE)
VALUES(SYS_GUID(), en_bd_id, '953', 'API_GRAD_PROGRAM', TIMESTAMP '2022-03-04 14:34:11.000000', 'API_GRAD_PROGRAM', TIMESTAMP '2022-03-04 14:34:11.000000');

INSERT INTO API_GRAD_PROGRAM.OPTIONAL_PROGRAM_REQUIREMENT
(OPTIONAL_PROGRAM_RQMT_ID, OPTIONAL_PROGRAM_ID, OPTIONAL_PROGRAM_RQMT_CODE, CREATE_USER, CREATE_DATE, UPDATE_USER, UPDATE_DATE)
VALUES(SYS_GUID(), en_bd_id, '957', 'API_GRAD_PROGRAM', TIMESTAMP '2022-03-10 14:14:56.000000', 'API_GRAD_PROGRAM', TIMESTAMP '2022-03-10 14:14:56.000000');

/*2023-EN CP*/
INSERT INTO API_GRAD_PROGRAM.OPTIONAL_PROGRAM_REQUIREMENT
(OPTIONAL_PROGRAM_RQMT_ID, OPTIONAL_PROGRAM_ID, OPTIONAL_PROGRAM_RQMT_CODE, CREATE_USER, CREATE_DATE, UPDATE_USER, UPDATE_DATE)
VALUES(SYS_GUID(), en_cp_id, '600', 'API_GRAD_PROGRAM', TIMESTAMP '2021-11-01 09:19:17.000000', 'API_GRAD_PROGRAM', TIMESTAMP '2021-11-01 09:19:17.000000');

INSERT INTO API_GRAD_PROGRAM.OPTIONAL_PROGRAM_REQUIREMENT
(OPTIONAL_PROGRAM_RQMT_ID, OPTIONAL_PROGRAM_ID, OPTIONAL_PROGRAM_RQMT_CODE, CREATE_USER, CREATE_DATE, UPDATE_USER, UPDATE_DATE)
VALUES(SYS_GUID(), en_cp_id, '957', 'API_GRAD_PROGRAM', TIMESTAMP '2022-03-10 14:14:56.000000', 'API_GRAD_PROGRAM', TIMESTAMP '2022-03-10 14:14:56.000000');

/*2023-EN BC*/
INSERT INTO API_GRAD_PROGRAM.OPTIONAL_PROGRAM_REQUIREMENT
(OPTIONAL_PROGRAM_RQMT_ID, OPTIONAL_PROGRAM_ID, OPTIONAL_PROGRAM_RQMT_CODE, CREATE_USER, CREATE_DATE, UPDATE_USER, UPDATE_DATE)
VALUES(SYS_GUID(), en_bc_id, '952', 'API_GRAD_PROGRAM', TIMESTAMP '2022-03-04 14:34:11.000000', 'API_GRAD_PROGRAM', TIMESTAMP '2022-03-04 14:34:11.000000');

INSERT INTO API_GRAD_PROGRAM.OPTIONAL_PROGRAM_REQUIREMENT
(OPTIONAL_PROGRAM_RQMT_ID, OPTIONAL_PROGRAM_ID, OPTIONAL_PROGRAM_RQMT_CODE, CREATE_USER, CREATE_DATE, UPDATE_USER, UPDATE_DATE)
VALUES(SYS_GUID(), en_bc_id, '957', 'API_GRAD_PROGRAM', TIMESTAMP '2022-03-10 14:14:56.000000', 'API_GRAD_PROGRAM', TIMESTAMP '2022-03-10 14:14:56.000000');

/*2023-PF BD*/
INSERT INTO API_GRAD_PROGRAM.OPTIONAL_PROGRAM_REQUIREMENT
(OPTIONAL_PROGRAM_RQMT_ID, OPTIONAL_PROGRAM_ID, OPTIONAL_PROGRAM_RQMT_CODE, CREATE_USER, CREATE_DATE, UPDATE_USER, UPDATE_DATE)
VALUES(SYS_GUID(), pf_bd_id, '953', 'API_GRAD_PROGRAM', TIMESTAMP '2022-03-04 14:34:11.000000', 'API_GRAD_PROGRAM', TIMESTAMP '2022-03-04 14:34:11.000000');

INSERT INTO API_GRAD_PROGRAM.OPTIONAL_PROGRAM_REQUIREMENT
(OPTIONAL_PROGRAM_RQMT_ID, OPTIONAL_PROGRAM_ID, OPTIONAL_PROGRAM_RQMT_CODE, CREATE_USER, CREATE_DATE, UPDATE_USER, UPDATE_DATE)
VALUES(SYS_GUID(), pf_bd_id, '957', 'API_GRAD_PROGRAM', TIMESTAMP '2022-03-10 14:14:56.000000', 'API_GRAD_PROGRAM', TIMESTAMP '2022-03-10 14:14:56.000000');

/*2023-PF CP*/
INSERT INTO API_GRAD_PROGRAM.OPTIONAL_PROGRAM_REQUIREMENT
(OPTIONAL_PROGRAM_RQMT_ID, OPTIONAL_PROGRAM_ID, OPTIONAL_PROGRAM_RQMT_CODE, CREATE_USER, CREATE_DATE, UPDATE_USER, UPDATE_DATE)
VALUES(SYS_GUID(), pf_cp_id, '600', 'API_GRAD_PROGRAM', TIMESTAMP '2021-11-01 09:19:17.000000', 'API_GRAD_PROGRAM', TIMESTAMP '2021-11-01 09:19:17.000000');

INSERT INTO API_GRAD_PROGRAM.OPTIONAL_PROGRAM_REQUIREMENT
(OPTIONAL_PROGRAM_RQMT_ID, OPTIONAL_PROGRAM_ID, OPTIONAL_PROGRAM_RQMT_CODE, CREATE_USER, CREATE_DATE, UPDATE_USER, UPDATE_DATE)
VALUES(SYS_GUID(), pf_cp_id, '957', 'API_GRAD_PROGRAM', TIMESTAMP '2022-03-10 14:14:56.000000', 'API_GRAD_PROGRAM', TIMESTAMP '2022-03-10 14:14:56.000000');

/*2023-PF AD*/
INSERT INTO API_GRAD_PROGRAM.OPTIONAL_PROGRAM_REQUIREMENT
(OPTIONAL_PROGRAM_RQMT_ID, OPTIONAL_PROGRAM_ID, OPTIONAL_PROGRAM_RQMT_CODE, CREATE_USER, CREATE_DATE, UPDATE_USER, UPDATE_DATE)
VALUES(SYS_GUID(), pf_ad_id, '951', 'API_GRAD_PROGRAM', TIMESTAMP '2022-03-04 14:34:11.000000', 'API_GRAD_PROGRAM', TIMESTAMP '2022-03-04 14:34:11.000000');

INSERT INTO API_GRAD_PROGRAM.OPTIONAL_PROGRAM_REQUIREMENT
(OPTIONAL_PROGRAM_RQMT_ID, OPTIONAL_PROGRAM_ID, OPTIONAL_PROGRAM_RQMT_CODE, CREATE_USER, CREATE_DATE, UPDATE_USER, UPDATE_DATE)
VALUES(SYS_GUID(), pf_ad_id, '957', 'API_GRAD_PROGRAM', TIMESTAMP '2022-03-10 14:14:56.000000', 'API_GRAD_PROGRAM', TIMESTAMP '2022-03-10 14:14:56.000000');

/*2023-PF DD*/
INSERT INTO API_GRAD_PROGRAM.OPTIONAL_PROGRAM_REQUIREMENT
(OPTIONAL_PROGRAM_RQMT_ID, OPTIONAL_PROGRAM_ID, OPTIONAL_PROGRAM_RQMT_CODE, CREATE_USER, CREATE_DATE, UPDATE_USER, UPDATE_DATE)
VALUES(SYS_GUID(), pf_dd_id, '400', 'API_GRAD_PROGRAM', TIMESTAMP '2021-11-01 09:19:17.000000', 'API_GRAD_PROGRAM', TIMESTAMP '2021-11-01 09:19:17.000000');

INSERT INTO API_GRAD_PROGRAM.OPTIONAL_PROGRAM_REQUIREMENT
(OPTIONAL_PROGRAM_RQMT_ID, OPTIONAL_PROGRAM_ID, OPTIONAL_PROGRAM_RQMT_CODE, CREATE_USER, CREATE_DATE, UPDATE_USER, UPDATE_DATE)
VALUES(SYS_GUID(), pf_dd_id, '401', 'API_GRAD_PROGRAM', TIMESTAMP '2021-11-01 09:19:17.000000', 'API_GRAD_PROGRAM', TIMESTAMP '2021-11-01 09:19:17.000000');

INSERT INTO API_GRAD_PROGRAM.OPTIONAL_PROGRAM_REQUIREMENT
(OPTIONAL_PROGRAM_RQMT_ID, OPTIONAL_PROGRAM_ID, OPTIONAL_PROGRAM_RQMT_CODE, CREATE_USER, CREATE_DATE, UPDATE_USER, UPDATE_DATE)
VALUES(SYS_GUID(), pf_dd_id, '402', 'API_GRAD_PROGRAM', TIMESTAMP '2021-11-01 09:19:17.000000', 'API_GRAD_PROGRAM', TIMESTAMP '2021-11-01 09:19:17.000000');

INSERT INTO API_GRAD_PROGRAM.OPTIONAL_PROGRAM_REQUIREMENT
(OPTIONAL_PROGRAM_RQMT_ID, OPTIONAL_PROGRAM_ID, OPTIONAL_PROGRAM_RQMT_CODE, CREATE_USER, CREATE_DATE, UPDATE_USER, UPDATE_DATE)
VALUES(SYS_GUID(), pf_dd_id, '403', 'API_GRAD_PROGRAM', TIMESTAMP '2021-11-01 09:19:17.000000', 'API_GRAD_PROGRAM', TIMESTAMP '2021-11-01 09:19:17.000000');

INSERT INTO API_GRAD_PROGRAM.OPTIONAL_PROGRAM_REQUIREMENT
(OPTIONAL_PROGRAM_RQMT_ID, OPTIONAL_PROGRAM_ID, OPTIONAL_PROGRAM_RQMT_CODE, CREATE_USER, CREATE_DATE, UPDATE_USER, UPDATE_DATE)
VALUES(SYS_GUID(), pf_dd_id, '404', 'API_GRAD_PROGRAM', TIMESTAMP '2021-11-01 09:19:17.000000', 'API_GRAD_PROGRAM', TIMESTAMP '2021-11-01 09:19:17.000000');

INSERT INTO API_GRAD_PROGRAM.OPTIONAL_PROGRAM_REQUIREMENT
(OPTIONAL_PROGRAM_RQMT_ID, OPTIONAL_PROGRAM_ID, OPTIONAL_PROGRAM_RQMT_CODE, CREATE_USER, CREATE_DATE, UPDATE_USER, UPDATE_DATE)
VALUES(SYS_GUID(), pf_dd_id, '957', 'API_GRAD_PROGRAM', TIMESTAMP '2022-03-10 14:14:56.000000', 'API_GRAD_PROGRAM', TIMESTAMP '2022-03-10 14:14:56.000000');

/*2023-PF BC*/
INSERT INTO API_GRAD_PROGRAM.OPTIONAL_PROGRAM_REQUIREMENT
(OPTIONAL_PROGRAM_RQMT_ID, OPTIONAL_PROGRAM_ID, OPTIONAL_PROGRAM_RQMT_CODE, CREATE_USER, CREATE_DATE, UPDATE_USER, UPDATE_DATE)
VALUES(SYS_GUID(), pf_bc_id, '952', 'API_GRAD_PROGRAM', TIMESTAMP '2022-03-04 14:34:11.000000', 'API_GRAD_PROGRAM', TIMESTAMP '2022-03-04 14:34:11.000000');

INSERT INTO API_GRAD_PROGRAM.OPTIONAL_PROGRAM_REQUIREMENT
(OPTIONAL_PROGRAM_RQMT_ID, OPTIONAL_PROGRAM_ID, OPTIONAL_PROGRAM_RQMT_CODE, CREATE_USER, CREATE_DATE, UPDATE_USER, UPDATE_DATE)
VALUES(SYS_GUID(), pf_bc_id, '957', 'API_GRAD_PROGRAM', TIMESTAMP '2022-03-10 14:14:56.000000', 'API_GRAD_PROGRAM', TIMESTAMP '2022-03-10 14:14:56.000000');

END;